ğŸ˜€,smile;happy,smile.v.01;happy.a.01
ğŸ˜,grin;teeth;tooth,tooth.n.04;smile.n.01
ğŸ˜‚,joy;laugh;tear;rofl;lol,laugh.v.01;joy.n.01
ğŸ˜„,mouth;smile,mouth.n.03;smile.v.01
ğŸ˜…,cold;face;smile;sweat,coldness.n.03;fret.n.01;smile.n.01;grimace.n.01
ğŸ˜†,face;laugh;mouth;satisfied;smile,grimace.n.01;mouth.n.03;satisfy.v.02;laugh.n.02
ğŸ˜‰,face;wink,grimace.n.01;wink.n.02
ğŸ˜Š,blush;face;smile,grimace.n.01;bloom.n.04;smile.n.01
ğŸ˜‹,delicious;face;savouring;smile;yum;taste;eat;ate,grimace.n.01;ate.n.01;preference.n.01;tasting.n.03;smile.n.01
ğŸ˜,bright;cool;eyewear;face;smile;sunglasses,undimmed.a.01;grimace.n.01;sunglass.n.01;smile.n.01;cool.n.01
ğŸ˜,romance,romanticism.n.03
ğŸ˜˜,kiss,kiss.n.04
ğŸ˜—,kiss,kiss.n.04
ğŸ˜™,kiss,kiss.n.04
ğŸ˜š,closed;face;kiss,grimace.n.01;conclude.v.04;kiss.n.04
â˜º,face;outlined;relaxed;smile,grimace.n.01;relax.v.07;smile.n.01;sketch.v.02
ğŸ™‚,face;content,face.n.11;content.v.02
ğŸ¤—,face;hug;hugging,hug.v.02;hug.n.01;face.n.11
ğŸ˜‡,angel;halo;innocent;smile,innocent.n.01;smile.n.01;angel.n.03
ğŸ¤”,thinking;think,think.v.13
ğŸ˜,deadpan;neutral,neutral.a.04
ğŸ˜‘,expressionless;face;inexpressive;unexpressive,side.n.04
ğŸ˜¶,face;mouth;quiet;silent,tranquillity.n.01;face.n.11;mouth.n.08
ğŸ™„,eyes;face;rolling,face.v.05;roll.v.01;eye.n.05
ğŸ˜,face;smirk,grimace.n.01;smirk.n.01
ğŸ˜£,face;persevere;disgust,persevere.v.01;face.n.11
ğŸ˜¥,disappointed;face;relieved;whew,side.n.04;disappoint.v.01;take_over.v.03
ğŸ˜®,face;mouth;sympathy,mouth.n.03;sympathy.n.02;face.n.11
ğŸ¤,face;mouth;zipper,face.n.04;slide_fastener.n.01;mouth.n.08
ğŸ˜¯,face;hushed;stunned;surprised,stun.v.03;surprise.v.02;face.n.11;hush.v.01
ğŸ˜ª,face;sleep,rest.n.05;face.n.11
ğŸ˜«,face;tired,face.n.04;tire.v.02
ğŸ˜´,face;sleep,rest.n.05;face.n.11
ğŸ˜Œ,face;relieved,side.n.04;take_over.v.03
ğŸ¤“,face;geek;nerd;glasses,face.n.04;eccentric.n.01;nerd.n.02;glass.n.02
ğŸ˜›,face;tongue,face.n.07;tongue.n.07
ğŸ˜œ,face;joke;tongue;wink,grimace.n.01;wink.n.02;natural_language.n.01;joke.v.01
ğŸ˜,face;horrible;tongue,face.n.07;tongue.n.07
â˜¹,face;frown,grimace.n.01;frown.v.01
ğŸ™,face;frown,grimace.n.01;frown.v.01
ğŸ˜’,face;unamused;unhappy,side.n.04;unhappy.a.01
ğŸ˜“,cold;face;sweat,coldness.n.03;face.n.11;fret.n.01
ğŸ˜”,dejected;face;pensive,side.n.04;depress.v.01
ğŸ˜•,confused;face,side.n.04;confuse.v.05
ğŸ˜–,confounded;face,side.n.04;confuse.v.02
ğŸ™ƒ,face;upside-down,side.n.04
ğŸ˜·,cold;doctor;face;mask;medicine;sick,coldness.n.03;medicine.n.03;mask.n.02;doctor.n.04;face.n.05;sick.n.01
ğŸ¤’,face;ill;sick,ailment.n.01;face.n.11;sick.n.01
ğŸ¤•,bandage;face;hurt;injury,bandage.n.01;injury.n.01;face.n.11
ğŸ¤‘,face;money;mouth,face.n.04;money.n.02;mouth.n.08
ğŸ˜²,astonished;face;shocked;totally,face.n.04;shock.v.01;amaze.v.01;wholly.r.01
ğŸ˜,disappointed;face,side.n.04;disappoint.v.01
ğŸ˜Ÿ,face;worried,worry.v.06;face.n.11
ğŸ˜¤,face;triumph;won,victory.n.01;face.n.11;acquire.v.05
ğŸ˜¢,cry;face;sad;tear,grimace.n.01;rip.n.02;cry.n.04
ğŸ˜­,cry;face;sad;sob;tear,grimace.n.01;rip.n.02;asshole.n.01;cry.n.05
ğŸ˜¦,face;frown;mouth,grimace.n.01;mouth.n.08;frown.v.01
ğŸ˜§,anguished;face,anguish.v.01;face.n.11
ğŸ˜¨,face;fear;fearful;scared,cowardly.a.01;fear.n.03;face.n.11
ğŸ˜©,face;tired;weary,face.n.04;tire.v.02
ğŸ˜¬,face;grimace,grimace.n.01
ğŸ˜°,blue;cold;face;mouth;rushed;sweat,coldness.n.03;face.n.05;fret.n.01;rush.v.04;mouthpiece.n.03
ğŸ˜±,face;fear;fearful;munch;scared;scream,scream.n.01;munch.n.01;cowardly.a.01;fear.n.03;scar.v.01;face.n.03
ğŸ˜³,dazed;face;flushed,face.n.11;flush.v.04;dazzle.v.01
ğŸ˜µ,dizzy;face;drunk,drunkard.n.01;face.n.04
ğŸ˜¡,angry;face;mad;pouting;rage;red;hate,face.n.11;fury.n.01;sulk.v.01
ğŸ˜ ,angry;face;mad,side.n.04
ğŸ˜ˆ,face;fairytale;fantasy;horns;smile,fairytale.n.01;grimace.n.01;horn.n.03;fantasy.n.02;smile.n.01
ğŸ‘¿,demon;devil;face;fairytale;fantasy,devil.n.02;grimace.n.01;fairytale.n.01;illusion.n.02
ğŸ‘¹,monster,monster.n.05
ğŸ‘º,mask;wtf,masquerade.n.01
ğŸ’€,death;skull;dead;death,dead.a.02;death.n.05
â˜ ,crossbone,
ğŸ‘»,ghost;phantasm,ghost.n.01;apparition.n.03
ğŸ‘½,creature;extraterrestrial;space;ufo;reddit,animal.n.01;extraterrestrial.a.01;unidentified_flying_object.n.01;outer_space.n.01
ğŸ‘¾,invader,invader.n.01
ğŸ¤–,face;monster;robot,automaton.n.02;face.n.04;freak.n.01
ğŸ’©,comic;dung;face;monster;poo;poop,face.n.05;droppings.n.01;nincompoop.n.01;freak.n.01;comic.a.02
ğŸ˜º,cat;pussy;kitten;feline;garfield,garfield.n.01;feline.n.01;kitten.n.01;cat.n.01
ğŸ˜¸,cat;,vomit.v.01
ğŸ˜¹,cat;,vomit.v.01
ğŸ˜»,cat;,vomit.v.01
ğŸ˜¼,cat;,vomit.v.01
ğŸ˜½,cat;,vomit.v.01
ğŸ™€,cat;,vomit.v.01
ğŸ˜¿,cat;,vomit.v.01
ğŸ˜¾,cat;,vomit.v.01
ğŸ™ˆ,evil;face;forbidden;gesture;monkey;prohibited;see,see.n.01;forbid.v.01;grimace.n.01;imp.n.02;gesture.n.02;evil.n.03
ğŸ™‰,evil;face;forbidden;gesture;hear;monkey;prohibited,grimace.n.01;forbid.v.01;gesture.n.02;imp.n.02;evil.n.03
ğŸ™Š,evil;face;forbidden;gesture;monkey;prohibited;speak,grimace.n.01;forbid.v.01;gesture.n.02;imp.n.02;evil.n.03
ğŸ‘¦,boy,male_child.n.01
ğŸ‘§,maiden;virgin;girl,girl.n.01;maid.n.02;virgo.n.01
ğŸ‘¨,man;he;his,hello.n.01;man.n.09
ğŸ‘©,woman;she,womanhood.n.02
ğŸ‘´,old;grand father;grandpa,old.a.02;grandfather.n.01
ğŸ‘µ,old;grandma;grand mother;nanny,nanny.n.01;old.a.02;grandma.n.01
ğŸ‘¶,baby,baby.n.07
ğŸ‘±,blond,blond.n.02
ğŸ‘®,cop;officer;police,bull.n.05;police.n.01;policeman.n.01
ğŸ‘²,guapimao;hat;man,hat.v.02;man.n.10
ğŸ‘³,turban,turban.n.01
ğŸ‘·,construction;worker,worker.n.03;structure.n.01
â›‘,aid,care.n.01
ğŸ‘¸,princess;barbie,princess.n.01
ğŸ’‚,guard;soldier,guard.n.01;soldier.n.02
ğŸ•µ,sleuth;spy;detective,sleuth.n.01;spy.n.02;detective.n.02
ğŸ…,celebration;christmas;fairytale;fantasy;father;santa,fairytale.n.01;father.n.06;santa_claus.n.01;fantasy.n.01;celebration.n.01
ğŸ‘¼,angel,angel.n.04
ğŸ’†,massage;salon,massage.n.01
ğŸ’‡,barber;beauty;parlor;hair,living_room.n.01;smasher.n.02;barber.n.02;haircloth.n.01
ğŸ‘°,bride;veil;wedding,bridget.n.01;veil.n.02;marry.v.01
ğŸ™,frown;gesture,frown.n.01;gesture.n.02
ğŸ™,gesture;pouting,gesture.n.02;pout.v.02
ğŸ™…,forbidden;prohibited,forbid.v.01
ğŸ™†,gesture;hand;ok,gesture.n.03;pass.v.05;o.k..n.01
ğŸ’,sass;sassy;chantal,sa.n.01
ğŸ™‹,raise;raised,resurrect.v.01;raise.n.03
ğŸ™‡,apology;sorry,apology.n.03
ğŸ™Œ,celebration;hooray;raised,celebration.n.02;raise.v.20
ğŸ™,ask;please;pray;thank,
ğŸ—£,speak;speaking,talk.v.02
ğŸ‘¤,person;you,person.n.03
ğŸ‘¥,people;they,people.n.03
ğŸš¶,hike;walk;walking,hike.n.01;walk.n.04;walk.v.01
ğŸƒ,marathon;run;running,tend.v.01;marathon.n.02
ğŸ‘¯,bunny;dancer;ear;girl;woman;dance,bunny.n.01;ear.n.05;dancer.n.02;girlfriend.n.02;dance.n.01;charwoman.n.01
ğŸ’ƒ,dancer,dancer.n.01
ğŸ•´,business;suit,suit.n.05;occupation.n.01
ğŸ’,couple;romance,romanticism.n.03;couple.n.03
ğŸ’‘,couple;love;romance;like,love.v.03;couple.n.04;like.n.02;love_affair.n.01
ğŸ‘ª,child;father;mother,mother.n.01;father.n.01;child.n.01
ğŸ‘«,couple;hand;hold;heteronormative,prevail.v.02;pass.v.05;couple.n.03
ğŸ‘¬,couple;hand;hold;twins;zodiac;gay,couple.n.05;pass.v.05;prevail.v.02;gemini.n.01;homosexual.n.01;zodiac.n.01
ğŸ‘­,couple;hand;hold;lesbian,couple.n.05;prevail.v.02;pass.v.05
ğŸ’ª,biceps;flex;muscle,flex.v.04;muscle.n.01;biceps.n.01
ğŸ‘ˆ,point,point.n.25
ğŸ‘‰,point;that;there,point.n.02
â˜,body;finger;hand;index;point,index.n.05;point.n.17;finger.n.01;torso.n.01;hand.n.01
ğŸ‘†,backhand;body;finger;hand;index;point;up,point.n.17;body.n.08;index.n.05;finger.n.02;hand.n.01;backhand.n.01
ğŸ–•,body;finger;hand;fuck you;fuck;fucker;fucking,fucker.n.01;body.n.11;hand.n.01;sleep_together.v.01;finger.n.03
ğŸ‘‡,backhand;body;down;finger;hand;index;point;this;here,body.n.11;point.n.02;index.n.05;finger.n.03;hand.n.01;backhand.n.01
âœŒ,body;hand;victory,victory.n.01;pass.v.05;body.n.08
ğŸ––,body;finger;hand;spock;vulcan,body.n.11;spock.n.01;finger.n.01;vulcan.n.01;hand.n.01
ğŸ¤˜,body;finger;hand;horns;rock-on,horn.n.08;finger.n.01;torso.n.01;hand.n.01
ğŸ–,body;finger;hand;splayed,body.n.11;dislocate.v.01;hand.n.01;finger.n.03
âœ‹,body;hand,pass.v.05;torso.n.01
ğŸ‘Œ,body;hand;ok,o.k..n.01;pass.v.05;body.n.08
ğŸ‘,+1;body;hand;thumb,thumb.n.01;torso.n.01;hand.n.01
ğŸ‘,-1;body;down;hand;thumb,body.n.11;thumb.n.02;hand.n.01
âœŠ,body;clenched;fist;hand;punch,punch.n.03;hand.n.01;fist.n.01;torso.n.01;clench.v.01
ğŸ‘Š,body;clenched;fist;hand;punch,punch.n.03;hand.n.01;fist.n.01;torso.n.01;clench.v.01
ğŸ‘‹,body;hand;wave;waving;hello,wave.n.05;pass.v.05;hello.n.01;body.n.08
ğŸ‘,body;clap;hand,clack.n.01;hand.n.12;body.n.08
ğŸ‘,body;hand,pass.v.05;torso.n.01
âœ,body;hand;write,pass.v.05;torso.n.01
ğŸ’…,body;care;cosmetics;manicure;nail;polish,care.n.01;polish.n.02;cosmetic.n.01;consistency.n.01;nail.n.02;manicure.v.02
ğŸ‘‚,body;ear;hear;listen,ear.n.01;torso.n.01
ğŸ‘ƒ,body;nose,nose.v.06;torso.n.01
ğŸ‘£,body;clothing;footprint;print,body.n.11;clothing.n.01;footprint.n.01;mark.n.04
ğŸ‘€,body;face,face.n.07;torso.n.01
ğŸ‘,body;i;eye,eye.v.01;torso.n.01
ğŸ‘…,body;tongue;lick,salt_lick.n.01;tongue.n.01;torso.n.01
ğŸ‘„,body;lips,lip.n.02;torso.n.01
ğŸ’‹,kiss;lips;mark;romance,kiss.n.04;mark.v.05;sass.n.01;romanticism.n.03
ğŸ’˜,arrow;cupid;romance,romanticism.n.03;arrow.n.01
ğŸ’“,beating;heartbeat;pulsating,pulsate.v.02;pulse.n.02
ğŸ’”,break;broken,rupture.n.02;unwrap.v.02
ğŸ’•,love,sleep_together.v.01
ğŸ’–,excited;sparkle;heart,glitter.n.02;heart.n.06;stimulate.v.06
ğŸ’—,excited;growing;heartpulse;nervous,nervous.a.03;stimulate.v.06;turn.v.07
ğŸ’™,blue,
ğŸ’š,green,green.a.03
ğŸ’›,yellow,yellow.n.01
ğŸ’œ,purple;purple heart,purple.n.02;order_of_the_purple_heart.n.01
ğŸ’,ribbon;valentine,ribbon.n.03;valentine.n.01
ğŸ’,revolving,roll.v.14
ğŸ’Ÿ,crochet,crochet.n.01
â£,exclamation;mark;punctuation;not,punctuation.n.02;mark.n.10;exclamation.n.01
ğŸ’Œ,letter;romance,letter.n.01;romance.n.05
ğŸ’¤,sleep;zzz;sleepy;nap,sleep.n.03
ğŸ’¢,angry;comic;mad,comic.a.02
ğŸ’£,comic;bomb;explosive,bomb.n.01;comic.a.02;explosive.a.01
ğŸ’¥,boom;comic,boom.n.04;comic.a.02
ğŸ’¦,comic;splashing;sweat,spatter.n.02;effort.n.02;comic.a.02
ğŸ’¨,comic;dash;running,dash.n.02;comic.a.02;tend.v.01
ğŸ’«,comic;star,ace.n.03;comic.a.02
ğŸ’¬,balloon;bubble;comic;dialog;speech;say,dialogue.n.01;state.v.01;speech.n.02;comic.a.02;balloon.n.02
ğŸ—¨,dialog;speech,dialogue.n.01;speech.n.02
ğŸ—¯,angry;balloon;bubble;mad,balloon.n.02
ğŸ’­,balloon;bubble;comic;thought,idea.n.01;comic.a.02;balloon.n.02
ğŸ•³,hole,trap.n.06
ğŸ‘“,clothing;eye;eyeglasses;eyewear,monocle.n.01;dress.v.02;eye.n.05
ğŸ•¶,dark;eye;eyewear;glasses,center.n.01;darkness.n.02;glass.n.02
ğŸ‘”,clothing;tie,dress.v.02;tie.n.09
ğŸ‘•,clothing;shirt;tshirt,shirt.n.01;dress.v.02
ğŸ‘–,clothing;pants;trousers,trouser.n.01;dress.v.02
ğŸ‘—,clothing;dress,dress.v.02;dress.n.01
ğŸ‘˜,clothing,invest.v.03
ğŸ‘™,clothing;swim;bikini,bikini.n.02;dress.v.02;swimming.n.01
ğŸ‘š,clothing;skirt,dress.v.02;skirt.n.02
ğŸ‘›,clothing;coin;coin purse,coin.n.01;dress.v.02
ğŸ‘œ,bag;clothing;hand bag,bag.n.04;clothing.n.01
ğŸ‘,bag;clothing;wallet;clutch,bag.n.04;wallet.n.01;clothing.n.01;clutch_bag.n.01
ğŸ›,bag;hotel;shopping,bag.n.04;hotel.n.01;shop.v.03
ğŸ’,bag;satchel;school,satchel.n.01;bag.n.06;school.n.02
ğŸ‘,clothing;shoe,dress.v.02;shoe.n.02
ğŸ‘Ÿ,athletic;clothing;shoe;sneaker;runner,clothing.n.01;athletic.a.01;shoe.n.01;runner.n.08;gym_shoe.n.01
ğŸ‘ ,clothing;heel;shoe;woman;sexy;stiletto,charwoman.n.01;stiletto.n.01;brake_shoe.n.01;dress.v.02;cad.n.01
ğŸ‘¡,clothing;sandal;shoe;woman,charwoman.n.01;sandal.n.01;dress.v.02;shoe.n.01
ğŸ‘¢,boot;clothing;shoe;woman,boot.n.01;charwoman.n.01;clothing.n.01;shoe.n.01
ğŸ‘‘,clothing;king;queen,king.n.02;dress.v.02
ğŸ‘’,clothing;hat;woman;hamburgerwithribbon,invest.v.03;charwoman.n.01
ğŸ©,clothing;hat;top;tophat,invest.v.03;top.a.01
ğŸ“,cap;celebration;clothing;graduation;hat,clothing.n.01;cap.n.01;celebration.n.02;hat.n.01;gradation.n.03
ğŸ“¿,beads;clothing;necklace;prayer;religion,religion.n.01;necklace.n.01;prayer.n.02;dress.v.02;bead.n.01
ğŸ’„,cosmetics;makeup,cosmetic.n.01
ğŸ’,diamond;romance,romanticism.n.03;rhombus.n.01
ğŸ’,diamond;gem;jewel;romance,romanticism.n.03;diamond.n.01;jewel.n.01
ğŸµ,face;monkey,face.n.04;imp.n.02
ğŸ’,monkey,monkey.n.01
ğŸ¶,dog;face;pet,dog.n.01;face.n.05;pet.n.01
ğŸ•,pet;dog;bitch;bitches,dog.n.01;bitch.n.04;pet.n.01
ğŸ©,dog;poodle,dog.n.01;poodle.n.01
ğŸº,face;wolf,face.n.04;wolf.n.04
ğŸ±,cat;face;pet,face.n.05;guy.n.01;pet.n.01
ğŸˆ,pet;cat,positron_emission_tomography.n.01;vomit.v.01
ğŸ¦,face;leo;lion,side.n.04;leo.n.03
ğŸ¯,face;tiger,tiger.n.02;face.n.04
ğŸ…,tiger,tiger.n.02
ğŸ†,leopard,leopard.n.02
ğŸ´,face;horse,sawhorse.n.01;face.n.04
ğŸ,racehorse;racing,rush.v.01;racehorse.n.01
ğŸ¦„,face;unicorn,face.n.11;unicorn.n.01
ğŸ®,cow;face,cow.n.03;face.n.04
ğŸ‚,bull;ox,ox.n.01;bull.n.01
ğŸƒ,buffalo;water buffalo,water_buffalo.n.01;old_world_buffalo.n.01
ğŸ„,cow,cow.n.03
ğŸ·,face;pig,pig.n.06;face.n.04
ğŸ–,sow,sow.n.01
ğŸ—,pig,slob.n.01
ğŸ½,face;nose;pig,nose.v.06;face.n.08
ğŸ,ram,random-access_memory.n.01
ğŸ‘,ewe;sheep,ewe.n.03;sheep.n.01
ğŸ,goat,goat.n.01
ğŸª,dromedary;hump,bulge.n.01
ğŸ«,bactrian;camel;hump,bulge.n.01;camel.n.01
ğŸ˜,elephant,elephant.n.02
ğŸ­,face;mouse,face.n.04;mouse.n.04
ğŸ,mouse,shiner.n.01
ğŸ€,rat,rotter.n.01
ğŸ¹,face;hamster;pet,hamster.n.01;face.n.05;pet.n.01
ğŸ°,bunny;face;pet;rabbit,rabbit.n.01;bunny.n.02;face.n.05;pet.n.01
ğŸ‡,bunny;pet,bunny.n.02;pet.v.02
ğŸ¿,chipmunk,chipmunk.n.01
ğŸ»,bear;face,face.n.04;bear.n.02
ğŸ¨,bear,bear.n.02
ğŸ¼,face;panda,face.n.04;lesser_panda.n.01
ğŸ¾,feet;paw;print,paw.v.02;print.n.06;animal_foot.n.01
ğŸ¦ƒ,turkey,turkey.n.05
ğŸ”,chicken,chicken.n.04
ğŸ“,rooster,cock.n.04
ğŸ£,baby;chick;hatching,baby.n.05;think_up.v.01
ğŸ¤,baby;chick,baby.n.05
ğŸ¥,baby;chick,baby.n.05
ğŸ¦,bird;twitter,chirrup.n.01;boo.n.01
ğŸ§,penguin,penguin.n.01
ğŸ•Š,bird;fly;peace,bird.n.01;peace.n.05
ğŸ¸,face;frog,face.n.04;frog.n.03
ğŸŠ,crocodile;alligator,alligator.n.02;crocodile.n.01
ğŸ¢,turtle,turtle.n.02
ğŸ,bearer;ophiuchus;serpent;zodiac;snake,zodiac.n.01;holder.n.03;snake.n.01
ğŸ²,dragon;face;fairytale,fairytale.n.01;face.n.04;dragon.n.02
ğŸ‰,fairytale,fairytale.n.02
ğŸ³,face;spouting;whale,face.n.04;spurt.v.01;giant.n.04
ğŸ‹,whale;sperm,sperm.n.01;giant.n.04
ğŸ¬,flipper;dolphin,flipper.n.01;dolphinfish.n.02
ğŸŸ,fish;salmon,salmon.n.03
ğŸ ,fish;tropical,tropical.a.02
ğŸ¡,fish,
ğŸ™,octopus,octopus.n.02
ğŸš,shell;spiral,shell.n.08
ğŸ¦€,crab,crab_louse.n.01
ğŸŒ,snail,snail.n.01
ğŸ›,insect,worm.n.02
ğŸœ,insect;ant,insect.n.01
ğŸ,bee;insect;be,bee.n.01
ğŸ,beetle;insect;ladybird;ladybug,ladybug.n.01;beetle.n.01
ğŸ•·,insect;spider,insect.n.01;spider.n.01
ğŸ•¸,web;net,internet.n.01;world_wide_web.n.01
ğŸ¦‚,scorpio;scorpius;zodiac;scorpion,zodiac.n.01;scorpio.n.03
ğŸ’,flower;plant;romance,plant.n.02;romanticism.n.03
ğŸŒ¸,blossom;cherry;flower;plant,flower.n.02;plant.n.02;cherry.n.03
ğŸ’®,flower,
ğŸµ,plant,plant.n.04
ğŸŒ¹,flower;plant;rose,plant.n.02;rise.v.15
ğŸŒº,flower;plant,plant.n.02
ğŸŒ»,flower;plant,plant.n.02
ğŸŒ¼,flower;plant,plant.n.02
ğŸŒ·,flower;plant;tulip,plant.n.02;tulip.n.01
ğŸŒ±,plant;young;sprout,sprout.n.01;plant.n.02
ğŸŒ²,plant;tree;pine;christmas,christmas.n.01;tree.n.01;plant.n.02;pine.n.01
ğŸŒ³,deciduous;plant;shedding;tree;wood;would,tree.n.03;wood.n.03;plant.n.03;deciduous.a.01;spill.v.03
ğŸŒ´,palm;plant;tree,palm.n.03;tree.n.01;plant.n.02
ğŸŒµ,plant;cactus,cactus.n.01;plant.n.02
ğŸŒ¾,ear;plant;rice,rice.n.02;plant.n.02;ear.n.05
ğŸŒ¿,leaf;plant,leaf.n.01;plant.n.02
â˜˜,plant,plant.n.04
ğŸ€,4;clover;four;leaf;plant;lucky;luck,four-spot.n.01;plant.n.02;leaf.n.01;four.n.01;luck.n.03
ğŸ,falling;maple;plant,fall.v.31;plant.n.02;maple.n.02
ğŸ‚,falling;leaf;plant,fall.v.31;plant.n.02;leaf.n.01
ğŸƒ,blow;flutter;leaf;plant;wind,plant.n.01;leaf.n.01;waver.n.03;blow.n.01;wind.n.08
ğŸ‡,fruit;grape;plant,plant.n.02;fruit.n.01;grape.n.02
ğŸˆ,fruit;plant,plant.n.01;yield.n.03
ğŸ‰,fruit;plant;watermellon,plant.n.01;yield.n.03
ğŸŠ,fruit;orange;plant;orange,orange.n.03;plant.n.02;fruit.n.01
ğŸ‹,citrus;fruit;plant;lemon,citrus.n.02;plant.n.02;fruit.n.01;lemon.n.03
ğŸŒ,fruit;plant;banana,plant.n.02;fruit.n.01;banana.n.01
ğŸ,fruit;plant;pineapple,plant.n.02;fruit.n.01;pineapple.n.01
ğŸ,apple;fruit;plant;red,apple.n.01;plant.n.02;fruit.n.01
ğŸ,apple;fruit;green;plant,apple.n.01;plant.n.02;fruit.n.01;green.n.03
ğŸ,fruit;plant;pear,plant.n.02;fruit.n.01;pear.n.01
ğŸ‘,fruit;plant;peach,plant.n.02;fruit.n.01;peach.n.03
ğŸ’,cherry;,cherry.n.02
ğŸ“,berry;strawberry,strawberry.n.01;berry.n.02
ğŸ…,tomato,tomato.n.02
ğŸ†,aubergine;plant;vegetable;penis;dick;cock;eggplant,penis.n.01;plant.n.02;cock.n.05;eggplant.n.02
ğŸŒ½,corn;ear;maize;maze;plant,corn.n.01;maze.n.01;plant.n.02;ear.n.05
ğŸŒ¶,hot;pepper;plant,plant.n.02;pepper.n.01;hot.a.03
ğŸ„,plant;mushroom,plant.n.02;mushroom.n.03
ğŸŒ°,plant;nut;ball;testicle,testis.n.01;plant.n.03;nut.v.01
ğŸ,loaf;bread,loaf_of_bread.n.01;bread.v.01
ğŸ§€,cheese,tall_mallow.n.01
ğŸ–,bone;meat,bone.n.02
ğŸ—,bone;chicken;leg;poultry;dinner,leg.n.05;dinner.n.01;poultry.n.02;bone.n.02
ğŸ”,burger,hamburger.n.01
ğŸŸ,french;fries,french.n.03;fry.n.01
ğŸ•,cheese;slice,tall_mallow.n.01;slice.n.05
ğŸŒ­,frankfurter;hotdog;sausage,sausage.n.01;frank.n.02
ğŸŒ®,mexican;taco,mexican.n.01
ğŸŒ¯,mexican;burrito,mexican.n.01;burrito.n.01
ğŸ¿,popcorn,popcorn.n.02
ğŸ²,pot;stew,grizzle.v.01;pot.n.09
ğŸ±,bento;box;lunch,box.n.07;lunch.n.01
ğŸ˜,cracker;rice,cracker.n.01;rice.n.01
ğŸ™,japanese;rice,japanese.a.01;rice.n.04
ğŸš,cooked;rice,cook.v.03;rice.n.04
ğŸ›,curry,curry.n.01
ğŸœ,bowl;noodle;ramen;steaming;soup,stadium.n.01;soup.n.02;noodle.n.01;steamer.v.01
ğŸ,pasta;spaghetti,pasta.n.01;spaghetti.n.01
ğŸ ,potato;roasted;sweet,roast.v.01;sweet.a.07;potato.n.01
ğŸ¢,kebab;seafood;skewer;stick,skewer.n.01;stick.n.04;kabob.n.01
ğŸ£,sushi,sushi.n.01
ğŸ¤,fried;prawn;shrimp;tempura,prawn.v.01;tempura.n.01;prawn.n.01;electrocute.v.02
ğŸ¥,fish cake;fishcake;swirl,fish_cake.n.01;whirl.n.02
ğŸ¡,dessert;japanese;skewer;stick;sweet,skewer.n.01;dessert.n.01;stick.n.07
ğŸ¦,cream;dessert;ice;icecream;soft;sweet,ice.n.05;ice_cream.n.01;cream.n.02;dessert.n.01
ğŸ§,dessert;ice;shaved;sweet,ice.n.05;dessert.n.01;sweet.a.07;shave.v.06
ğŸ¨,cream;dessert;ice;sweet,ice.n.05;cream.n.02;dessert.n.01
ğŸ©,dessert;donut;sweet,dessert.n.01;sweet.a.07
ğŸª,dessert;sweet;cookie,dessert.n.01;cookie.n.02
ğŸ‚,birthday;cake;celebration;dessert;pastry;sweet,birthday.n.02;celebration.n.01;dessert.n.01;pastry.n.01;patty.n.01
ğŸ°,cake;dessert;pastry;slice;sweet;muffin,muffin.n.01;slice.n.05;dessert.n.01;pastry.n.02;patty.n.01
ğŸ«,bar;chocolate;dessert;sweet,dessert.n.01;cake.n.01
ğŸ¬,dessert;sweet,dessert.n.01
ğŸ­,candy;dessert;sweet,candy.n.01;sweet.a.07
ğŸ®,dessert;pudding;sweet,dessert.n.01
ğŸ¯,honey;honeypot;pot;sweet,beloved.n.01;toilet.n.02;sweet.n.01
ğŸ¼,baby;bottle;drink;milk,baby.n.07;bottle.n.02;beverage.n.01;milk.n.01
â˜•,beverage;coffee;drink;hot;steaming;tea,steamer.v.01;beverage.n.01;coffee.n.01;tea.n.01
ğŸµ,beverage;cup;drink;tea;teacup,cup.n.06;teacup.n.01;beverage.n.01;tea.n.01
ğŸ¶,bar;beverage;bottle;cup;drink,bar.n.03;bottle.n.02;beverage.n.01;cup.n.02
ğŸ¾,bar;bottle;cork;drink;popping,bob.n.05;bottle.n.03;beverage.n.01;toss_off.v.02;cake.n.01
ğŸ·,bar;beverage;drink;glass;wine,bar.n.03;beverage.n.01;methamphetamine.n.01;wine.n.01
ğŸ¸,bar;cocktail;drink;glass,bar.n.03;methamphetamine.n.01;beverage.n.01;cocktail.n.01
ğŸ¹,bar;drink;tropical,prevention.n.01;drink.n.02;tropical.a.02
ğŸº,bar;beer;drink;mug;drunk,bar.n.03;beer.n.01;chump.n.01;beverage.n.01;drunkard.n.01
ğŸ»,bar;beer;clink;drink;mug,bar.n.03;beer.n.01;jail.n.01;beverage.n.01;chump.n.01
ğŸ½,fork;knife;plate,fork.n.04;denture.n.01;knife.n.02
ğŸ´,fork;knife,fork.n.04;knife.n.01
ğŸ³,egg;frying;pan;cooking,egg.n.01;cook.v.03;pan.n.03;fry.v.02
ğŸº,drink;jug;tool;weapon,drink.n.02;jug.n.01;tool.n.01;weapon.n.01
ğŸŒ,africa;earth;europe;globe;world,europe.n.01;earth.n.01;africa.n.01
ğŸŒ,americas;earth;globe;world;country,america.n.02;earth.v.01;country.n.02;earth.n.01
ğŸŒ,asia;australia;earth;globe;world,australia.n.02;asia.n.01;earth.n.01
ğŸŒ,earth;globe;meridians;world,earth.n.01;meridian.n.03
ğŸ—º,map;world,universe.n.01;map.n.01
ğŸ”,cold;mountain;snow,coldness.n.03;snow.n.03;mountain.n.01
â›°,mountain,mountain.n.01
ğŸŒ‹,eruption;mountain,outbreak.n.01;batch.n.02
ğŸ—»,fuji;mountain,mountain.n.01;fuji.n.02
ğŸ•,camping,camp.v.03
ğŸ–,beach;umbrella;vacation,umbrella.n.03;vacation.n.02;beach.n.01
ğŸœ,desert,desert.n.01
ğŸ,desert;island,desert.n.01
ğŸ,park,parking_lot.n.01
ğŸŸ,stadium,stadium.n.01
ğŸ›,building;classical,building.n.04;classical.a.03
ğŸ—,building;construction,construction.n.07
ğŸ˜,building;house,theater.n.01;building.n.01
ğŸ™,building;city,building.n.04;city.n.03
ğŸš,building;derelict;house,theater.n.01;building.n.01
ğŸ ,building;home;house,dwelling.n.01;house.n.01;building.n.01
ğŸ¡,building;garden;home;house,dwelling.n.01;garden.v.01;building.n.01;house.n.01
â›ª,building;christian;cross;religion,cross.n.01;religion.n.02;building.n.01
ğŸ•‹,islam;muslim;religion,religion.n.01;muslim.n.01;islam.n.02
ğŸ•Œ,islam;muslim;religion,religion.n.01;muslim.n.01;islam.n.02
ğŸ•,jew;jewish;religion;temple,jew.n.01;religion.n.02;temple.n.03
â›©,religion;shinto;shrine,religion.n.02;shrine.n.01;shinto.n.01
ğŸ¢,building,construction.n.07
ğŸ£,building;japanese;post,building.n.01;military_post.n.01
ğŸ¤,building;european;post,building.n.01;military_post.n.01
ğŸ¥,doctor;medicine;hospital;sick,sick.n.01;hospital.n.02;medicine.n.03;doctor.n.03
ğŸ¦,bank,savings_bank.n.02
ğŸ¨,hotel,hotel.n.01
ğŸ©,brothel;harem,harem.n.01;whorehouse.n.01
ğŸª,convenience;store,memory.n.04;appliance.n.01
ğŸ«,building,construction.n.07
ğŸ¬,building;department;store,department.n.02;building.n.01;storehouse.n.01
ğŸ­,factory,factory.n.01
ğŸ¯,castle;japanese,castle.n.02
ğŸ°,building;european,building.n.01
ğŸ’’,chapel;romance,chapel_service.n.01;romanticism.n.03
ğŸ—¼,tokyo;tower,tower.n.01;tokyo.n.01
ğŸ—½,liberty;statue,statue.n.01;liberty.n.03
ğŸ—¾,japan;map,map.n.01;japan.n.03
â›²,fountain,spring.n.03
â›º,camping,camp.v.03
ğŸŒ,fog,fog.n.02
ğŸŒƒ,night;star,night.n.05;star.n.05
ğŸŒ„,morning;mountain;sunrise,dawn.n.01;batch.n.02
ğŸŒ…,morning;sunset,dawn.n.01
ğŸŒ†,building;city;dusk;evening;landscape;sunset,evening.n.03;landscape.n.04;building.n.04;sunset.n.01;twilight.n.01;city.n.03
ğŸŒ‡,building;dusk,twilight.n.01;construction.n.07
ğŸŒ‰,bridge;night,bridge.n.03
â™¨,hot;hotsprings;springs;steaming,spring.n.03;steamer.v.01;hot.a.03
ğŸŒŒ,space;sagan,space.n.08
ğŸ ,carousel;horse,horse.n.02;carousel.n.02
ğŸ¡,amusementpark;ferris;wheel,wheel.v.03
ğŸ¢,amusementpark;coaster;roller,coaster.n.03;curler.n.01
ğŸ’ˆ,barber;haircut;pole,pole.n.02;barber.n.02
ğŸª,circus;tent,camp.v.01;circus.n.04
ğŸ­,art;mask;performing;theater;theatre,art.n.02;theater.n.01;perform.v.02;mask.n.02
ğŸ–¼,art;frame;museum;painting;picture,art.n.01;museum.n.01;painting.n.01;frame.v.06
ğŸ¨,art;museum;painting;palette,art.n.01;museum.n.01;painting.n.01;palette.n.02
ğŸ°,game;slot,game.n.09;slot.v.01
ğŸš‚,engine;railway;steam;train;vehicle,steam.n.01;railroad_track.n.01;train.n.01;locomotive.n.01;vehicle.n.01
ğŸšƒ,electric;railway;train;tram;trolleybus;vehicle,tramway.n.01;railroad_track.n.01;train.n.01;electric.a.01;vehicle.n.01
ğŸš„,railway;shinkansen;speed;train;vehicle,railroad_track.n.01;train.n.01;amphetamine.n.01;vehicle.n.01
ğŸš…,bullet;railway;shinkansen;speed;train;vehicle,vehicle.n.01;railroad_track.n.01;train.n.01;speed.n.03;bullet_train.n.01
ğŸš†,railway;vehicle,railroad_track.n.01;vehicle.n.02
ğŸš‡,subway,underpass.n.01
ğŸšˆ,railway;rail,rail.n.02;railway.n.01
ğŸš‰,railway;train,railroad_track.n.01;train.n.05
ğŸšŠ,trolleybus;vehicle,trolleybus.n.01;vehicle.n.01
ğŸš,muni,
ğŸš,mountain;railway;vehicle,mountain.n.01;railroad_track.n.01;fomite.n.01
ğŸš‹,tram;trolleybus;vehicle,tramway.n.01;vehicle.n.01
ğŸšŒ,vehicle,vehicle.n.03
ğŸš,bus;oncoming;vehicle,bus.n.01;vehicle.n.01
ğŸš,bus;tram;trolley;vehicle,bus.n.04;streetcar.n.01;vehicle.n.01
ğŸš,bus;busstop;stop,busbar.n.01;catch.n.06
ğŸš,bus;vehicle,bus.n.01;vehicle.n.01
ğŸš‘,vehicle,vehicle.n.03
ğŸš’,engine;fire;truck;vehicle,fire.n.04;locomotive.n.01;truck.n.01;vehicle.n.01
ğŸš“,patrol;police;vehicle,fomite.n.01;patrol.n.03;police.n.01
ğŸš”,oncoming;police;vehicle,fomite.n.01;police.n.01
ğŸš•,vehicle,vehicle.n.03
ğŸš–,oncoming;taxi;vehicle,vehicle.n.01;cab.n.03
ğŸš—,car;vehicle;drive,drive.v.13;car.n.02;vehicle.n.01
ğŸš˜,automobile;car;oncoming;vehicle,car.n.01;vehicle.n.01
ğŸš™,recreational;rv;vehicle,recreational_vehicle.n.01;recreational.a.01;vehicle.n.01
ğŸšš,delivery;truck;vehicle,manner_of_speaking.n.01;truck.v.01;vehicle.n.01
ğŸš›,lorry;semi;truck;vehicle,lorry.n.02;trailer_truck.n.01;truck.n.01;vehicle.n.01
ğŸšœ,vehicle,vehicle.n.03
ğŸš²,bike;vehicle,bicycle.n.01;vehicle.n.01
â›½,fuel;fuelpump;gas;pump;station,pump.n.01;gasoline.n.01;station.n.01;fuel.n.01
ğŸ›£,highway;road,highway.n.01
ğŸ›¤,railway;train,railroad_track.n.01;train.n.05
ğŸš¨,beacon;car;light;police;revolving;vehicle,lighter.n.02;police.n.01;roll.v.14;vehicle.n.01;beacon.n.03;car.n.02
ğŸš¥,light;signal;traffic,traffic.n.03;signal.n.01;light.n.14
ğŸš¦,light;signal;traffic,traffic.n.03;signal.n.01;light.n.14
ğŸš§,barrier;block,barrier.n.01;blockage.n.02
âš“,ship;tool,ship.n.01;tool.n.01
â›µ,boat;resort;sea;vehicle;yacht,sea.n.01;resort.n.01;boat.n.01;yacht.n.01;vehicle.n.01
ğŸš£,boat;vehicle,boat.n.01;vehicle.n.01
ğŸš¤,boat;vehicle,boat.n.01;vehicle.n.01
ğŸ›³,passenger;ship;vehicle,ship.n.01;passenger.n.01;vehicle.n.01
â›´,boat,boat.v.01
ğŸ›¥,boat;motorboat;vehicle,boat.n.01;vehicle.n.01
ğŸš¢,vehicle,vehicle.n.03
âœˆ,vehicle,vehicle.n.03
ğŸ›©,airplane;vehicle,airplane.n.01;vehicle.n.01
ğŸ›«,airplane;check-in;departure;departures;vehicle,airplane.n.01;departure.n.01;check-in.n.01;vehicle.n.01
ğŸ›¬,airplane;arrivals;arriving;landing;vehicle,airplane.n.01;arrive.v.02;arrival.n.03;land.v.06;vehicle.n.01
ğŸ’º,chair;sit,moderate.v.01
ğŸš,vehicle,vehicle.n.03
ğŸšŸ,railway;suspension;vehicle,railroad_track.n.01;vehicle.n.02;suspension.n.05
ğŸš ,cable;gondola;mountain;vehicle,gondola_car.n.01;mountain.n.01;vehicle.n.01
ğŸš¡,aerial;cable;car;gondola;ropeway;tramway;vehicle,gondola_car.n.01;tramway.n.01;vehicle.n.01;car.n.02;aerial.a.01
ğŸš€,space;do;elon,space.n.05
ğŸ›°,space;sattelite,space.n.08
ğŸ›,bell;bellhop;hotel,bellboy.n.01;hotel.n.01;bell.n.10
ğŸšª,door,doorway.n.01
ğŸ›Œ,hotel;sleep,hotel.n.01;sleep.n.03
ğŸ›,hotel;sleep,hotel.n.01;sleep.n.03
ğŸ›‹,couch;hotel;lamp,hotel.n.01;lamp.n.02
ğŸš½,toilet;crapper;washroom;restroom,toilet.n.01;toilet.n.02;public_toilet.n.01;washroom.n.01
ğŸš¿,shower,
ğŸ›€,bathtub;bath,bathtub.n.01
ğŸ›,bath,bathtub.n.01
âŒ›,sand;timer,sand.n.02;timekeeper.n.01
â³,hourglass;sand;timer,sandpaper.v.01;timer.n.01;hourglass.n.01
âŒš,clock,clock.n.01
â°,alarm;clock,alarm_clock.n.01;clock.n.01
â±,clock;time,time.n.05;clock.n.01
â²,clock;timer,timer.n.01;clock.n.01
ğŸ•°,clock,clock.n.01
ğŸ•›,12:00,
ğŸ•§,12:30,
ğŸ•,1:00,
ğŸ•œ,1:30,
ğŸ•‘,2:00,
ğŸ•,2:30,
ğŸ•’,3:00,
ğŸ•,3:30,
ğŸ•“,4:00,
ğŸ•Ÿ,4:30,
ğŸ•”,5:00,
ğŸ• ,5:30,
ğŸ••,6:00,
ğŸ•¡,6:30,
ğŸ•–,7:00,
ğŸ•¢,7:30,
ğŸ•—,8:00,
ğŸ•£,8:30,
ğŸ•˜,9:00,
ğŸ•¤,9:30,
ğŸ•™,10:00,
ğŸ•¥,10:30,
ğŸ•š,11:00,
ğŸ•¦,11:30,
ğŸŒ‘,dark;moon;space,moon.v.02;space.n.03;darkness.n.02
ğŸŒ’,crescent;moon;space;waxing,outer_space.n.01;moon.v.02;crescent.n.01;waxing.n.02
ğŸŒ“,moon;quarter;space,outer_space.n.01;lunar_month.n.01;quarter.n.04
ğŸŒ”,gibbous;moon;space;waxing,outer_space.n.01;moon.n.02;wax.v.01
ğŸŒ•,full;moon;space,outer_space.n.01;full.a.05;lunar_month.n.01
ğŸŒ–,gibbous;moon;space;waning,outer_space.n.01;moon.n.02;wan.v.01
ğŸŒ—,moon;quarter;space,outer_space.n.01;lunar_month.n.01;quarter.n.04
ğŸŒ˜,crescent;moon;space;waning,outer_space.n.01;waning.n.01;moon.v.02;crescent.n.01
ğŸŒ™,crescent;moon;space,outer_space.n.01;moon.v.02;crescent.n.01
ğŸŒš,face;moon;space,outer_space.n.01;face.n.04;moon.n.02
ğŸŒ›,face;moon;quarter;space,outer_space.n.01;face.n.04;moon.n.05;stern.n.01
ğŸŒœ,face;moon;quarter;space,outer_space.n.01;face.n.04;moon.n.05;stern.n.01
ğŸŒ¡,thermometer,thermometer.n.01
â˜€,bright;rays;space;sunny,undimmed.a.01;ray.n.03;space.n.01
ğŸŒ,bright;face;full;moon;space,undimmed.a.01;outer_space.n.01;full.a.05;moon.n.02;face.n.03
ğŸŒ,bright;face;space;sun,undimmed.a.01;face.n.04;quad.n.03;sun.n.03
â­,star,star_topology.n.01
ğŸŒŸ,glittery;glow;shining;sparkle;star,clamber.v.01;glitter.n.01;glow.v.05;asterisk.n.01
ğŸŒ ,falling;shooting;space;star,fall.v.31;shooting.n.01;space.n.05;asterisk.n.01
â˜,cloud,swarm.n.02
â›…,cloud;weather,weather.n.01;cloud.n.02
â›ˆ,cloud;rain;thunder,rain.n.01;thunder.n.02;cloud.n.02
ğŸŒ¤,cloud,swarm.n.02
ğŸŒ¥,cloud,swarm.n.02
ğŸŒ¦,cloud;rain,rain.n.01;cloud.n.02
ğŸŒ§,cloud;rain,rain.n.01;cloud.n.02
ğŸŒ¨,cloud;cold;snow,snow.n.01;cloud.n.02
ğŸŒ©,cloud;lightning,cloud.n.02
ğŸŒª,cloud;whirlwind,cloud.n.02
ğŸŒ«,cloud,swarm.n.02
ğŸŒ¬,blow;cloud;face;wind,gust.n.01;wind.n.01;obscure.v.01;face.n.11
ğŸŒ€,dizzy;twister;typhoon,typhoon.n.01;tornado.n.01
ğŸŒˆ,rain,rain.n.03
ğŸŒ‚,clothing;rain;umbrella,umbrella.n.02;dress.v.02;rain.n.03
â˜‚,clothing;rain,dress.v.02;rain.n.03
â˜”,clothing;drop;rain;umbrella,drop_curtain.n.01;umbrella.n.01;dress.v.02;rain.n.03
â›±,rain;umbrella,umbrella.n.02;rain.n.03
âš¡,danger;electric;electricity;lightning;voltage;zap,zap.n.01;voltage.n.01;electric.a.01;electricity.n.01;danger.n.01
â„,cold;snow,coldness.n.03;snow.v.01
â˜ƒ,cold;snow,coldness.n.03;snow.v.01
â›„,cold;snow;snowman,coldness.n.03;snow.v.01;snowman.n.01
â˜„,space,space.n.08
ğŸ”¥,flame;tool,fire.n.03;creature.n.03
ğŸ’§,cold;comic;drop;sweat,coldness.n.03;fret.n.01;comic.a.02;cliff.n.01
ğŸŒŠ,ocean;water;wave,wave.n.06;body_of_water.n.01
ğŸƒ,celebration;halloween;jack;lantern,jack.n.06;lantern.n.01;celebration.n.01
ğŸ„,celebration;christmas;tree,tree.n.02;celebration.n.01
ğŸ†,celebration,celebration.n.03
ğŸ‡,celebration;fireworks;sparkle,firework.n.01;sparkle.v.02;celebration.n.01
âœ¨,sparkle;star,glitter.n.01;star.n.05
ğŸˆ,celebration,celebration.n.03
ğŸ‰,celebration;party;popper;tada;celebrate;joy;fun,party.n.04;fun.n.01;joy.n.02;popper.n.01;celebration.n.01
ğŸŠ,celebration;confetti,confetti.n.01;celebration.n.01
ğŸ‹,banner;celebration;japanese;tree,standard.n.06;tree.n.01;japanese.n.01;celebration.n.01
ğŸŒ,celebration;cross;crossed;japanese,japanese.a.01;hybrid.n.03;thwart.v.01;celebration.n.01
ğŸ,bamboo;celebration;japanese;pine;plant,pine.n.01;plant.n.02;japanese.a.01;celebration.n.01
ğŸ,celebration;doll;festival;japanese,celebration.n.02;festival.n.02;japanese.n.01
ğŸ,carp;celebration;streamer,carp.n.02;pennant.n.03;celebration.n.01
ğŸ,bell;celebration;chime;wind,wind_instrument.n.01;celebration.n.02;chime.n.01
ğŸ‘,celebration;ceremony;moon,lunar_month.n.01;ceremony.n.01;celebration.n.01
ğŸ€,celebration,celebration.n.03
ğŸ,box;celebration;gift;present;wrapped,gift.n.01;celebration.n.02;present.n.02;box.n.10;wrap.v.01
ğŸ–,celebration;medal;military,decoration.n.02;military.a.03;celebration.n.01
ğŸ—,celebration;reminder;ribbon,reminder.n.01;decoration.n.02;celebration.n.01
ğŸ,cinema;film;frames;movie,frame.v.06;movie.n.01;film.n.02
ğŸŸ,admission;ticket,admission.n.02;slate.n.04
ğŸ«,admission,entree.n.02
ğŸ·,label,label.n.04
âš½,soccer,soccer.n.01
âš¾,baseball,baseball.n.02
ğŸ€,basketball;hoop,basketball.n.02;basket.n.03
ğŸˆ,american;football,football.n.02;american.n.03
ğŸ‰,football;rugby,football.n.01;rugby.n.01
ğŸ¾,racquet,racket.n.04
ğŸ±,8;8ball;billiard;eight;game,eight.n.01;game.n.06
ğŸ³,game,plot.n.01
â›³,golf;hole,golf.n.01;hole.n.03
ğŸŒ,golf,golf.n.01
â›¸,ice;skate,skate.v.01;internal-combustion_engine.n.01
ğŸ£,fish;pole,pole.n.10
ğŸ½,running;sash;shirt,shirt.n.01;girdle.n.02;run.v.14
ğŸ¿,ski;snow,ski.n.01;snow.v.01
â›·,ski;snow,ski.n.01;snow.v.01
ğŸ‚,ski;snow;snowboard,snowboard.n.01;ski.n.01;snow.v.01
ğŸ„,surfing,surfboard.v.01
ğŸ‡,horse;jockey;racehorse;racing,horse.n.01;race.v.02;jockey.n.01;racehorse.n.01
ğŸŠ,swim,swimming.n.01
â›¹,person with ball,
ğŸ‹,lifter;weight,burden.v.01;weightlifter.n.01
ğŸš´,bicycle;bike;cyclist,bicycle.n.01;cyclist.n.01
ğŸšµ,bicycle;bicyclist;bike;cyclist;mountain,mountain.n.01;bicycle.n.01;cyclist.n.01
ğŸ,car;racing,rush.v.01;car.n.02
ğŸ,racing,rush.v.01
ğŸ…,medal,decoration.n.02
ğŸ†,prize,trophy.n.02
ğŸ,bat;game,bet_on.v.01;bat.n.02
ğŸ,volleyball;game,volleyball.n.02;bet_on.v.01
ğŸ‘,field;game;hockey;stick,ice_hockey.n.01;field.n.06;bet_on.v.01;stick.n.09
ğŸ’,game;hockey;ice;puck;stick,game.n.09;ice_hockey.n.01;stick.n.06;internal-combustion_engine.n.01;puck.n.02
ğŸ“,pingpong;bat;game;paddle;tabletennis,bat.n.05;game.n.09;paddle.n.01
ğŸ¸,birdie;game;racquet;shuttlecock,shuttlecock.n.01;bet_on.v.01;racket.n.04
ğŸ¯,bull;bullseye;dart;eye;game;hit;target,eye.n.05;strike.v.10;flit.n.01;taurus.n.02;target.n.04;game.n.01
ğŸ®,controller;game,bet_on.v.01;control.n.09
ğŸ•¹,game;videogame,plot.n.01
ğŸ²,dice;die;game,game.n.09;die.v.08;die.n.01
â™ ,card;game;spade;suit,suit.n.06;spade.n.01;card.n.01;bet_on.v.01
â™¥,card;game;hearts;suit,suit.n.06;heart.n.10;card.n.01;bet_on.v.01
â™¦,card;diamond;diamonds;game;suit,suit.n.06;card.n.01;game.n.04;diamond.n.04
â™£,card;club;clubs;game;suit,game.n.09;club.n.06;card.n.01;suit.n.06
ğŸƒ,card;game;playing,bet.v.02;bet_on.v.01;card.n.03
ğŸ€„,game;mahjong;red,game.n.01;mah-jongg.n.01
ğŸ´,card;flower;game;japanese;playing,flower.n.01;acting.n.01;game.n.04;wag.n.01;japanese.n.01
ğŸ”‡,mute;quiet;silent;speaker;volume,quieten.v.01;book.n.02;mute.n.02;loudspeaker.n.01
ğŸ”ˆ,volume,volume.n.06
ğŸ”‰,low;speaker;volume;wave,speaker.n.03;book.n.02;low.a.05;wave.n.09
ğŸ”Š,high;loud;speaker;volume,book.n.02;loudspeaker.n.01;high.a.04
ğŸ“¢,loud;publicaddress,
ğŸ“£,cheering,cheer.v.05
ğŸ“¯,horn;post;postal,postal.a.01;station.v.01;horn.n.08
ğŸ””,bell,doorbell.n.01
ğŸ”•,mute;prohibited;quiet;silent,forbid.v.01;quiet.a.06;mute.n.01
ğŸ¼,music;score,score.v.01;music.n.01
ğŸµ,music;note,note.v.01;music.n.01
ğŸ¶,music;note;notes,note.v.01;music.n.01;note.n.09
ğŸ™,mic;microphone;music;studio,studio_apartment.n.01;microphone.n.01;music.n.01
ğŸš,level;slider,horizontal_surface.n.01;luger.n.02
ğŸ›,control;knob;music,control.n.05;music.n.03;node.n.02
ğŸ¤,karaoke;mic,karaoke.n.01
ğŸ§,earbud,
ğŸ·,sax,sax.n.02
ğŸ¸,guitar,guitar.n.01
ğŸ¹,keyboard;piano,keyboard.n.01
ğŸº,trumpet,cornet.n.01
ğŸ»,violin,violin.n.01
ğŸ“»,radio,radio_receiver.n.01
ğŸ“±,cell;mobile;phone;telephone,mobile.n.03;telephone.n.01;cellular_telephone.n.01
ğŸ“²,arrow;call;cell;mobile;phone;receive;telephone,mobile.n.03;telephone.n.01;call.n.01;cellular_telephone.n.01;arrow.n.02
â˜,phone,telephone.n.01
ğŸ“,phone;receiver;telephone,telephone.n.01;receiver.n.01
ğŸ“Ÿ,pager,beeper.n.01
ğŸ“ ,fax,facsimile.n.02
ğŸ”‹,battery,battery.n.07
ğŸ”Œ,electric;electricity;plug,spark_plug.n.01;electric.a.01;electricity.n.01
ğŸ’»,laptop;mac;hacker,macintosh.n.02;laptop.n.01;hack.n.01
ğŸ–¥,computer;desktop,computer.n.01;background.n.07
ğŸ–¨,printer,printer.n.03
âŒ¨,computer,computer.n.01
ğŸ–±,mouse,shiner.n.01
ğŸ–²,trackball,trackball.n.01
ğŸ’½,minidisk,
ğŸ’¾,floppy,diskette.n.01
ğŸ’¿,dvd;blu-ray;cd;computer;disk,computer.n.01;compact_disk.n.01;magnetic_disk.n.01;videodisk.n.01
ğŸ“€,blu-ray;cd;computer;disk;optical,optical.a.01;computer.n.01;compact_disk.n.01;magnetic_disk.n.01
ğŸ¥,camera;cinema;movie;film,camera.n.01;movie.n.01;film.n.02
ğŸ¬,clapper;movie,clapper.n.03;movie.n.01
ğŸ“½,cinema;film;movie;projector;video,projector.n.01;television.n.01;movie.n.01;film.n.02
ğŸ“º,tv;video,television.n.01
ğŸ“·,camera,television_camera.n.01
ğŸ“¸,flash;video,flash.n.10
ğŸ“¹,camcorder,camcorder.n.01
ğŸ“¼,tape;vhs,tape.n.04
ğŸ”,glass;magnifying;search;tool,blow_up.v.02;tool.n.01;search.n.01;glass.n.02
ğŸ”,glass;magnifying;search;tool,blow_up.v.02;tool.n.01;search.n.01;glass.n.02
ğŸ”¬,microscope,microscope.n.01
ğŸ”­,telescope,telescope.n.01
ğŸ“¡,antenna;dish;satellite,antenna.n.01;satellite.n.01;dish.n.05
ğŸ•¯,light;candle,candle.n.01;light.n.02
ğŸ’¡,bulb;comic;electric;idea;light,light.n.02;light_bulb.n.01;electric.a.01;idea.n.01;comic.a.02
ğŸ”¦,electric;light;tool;torch,tool.n.01;torch.n.01;electric.a.01;light.n.02
ğŸ®,bar;japanese;lantern;light;red,lighter.n.02;bar.n.13;lantern.n.01
ğŸ“”,book;cover;notebook,book.n.02;notebook.n.01;top.n.09
ğŸ“•,book,script.n.01
ğŸ“–,book,script.n.01
ğŸ“—,book,script.n.01
ğŸ“˜,book,script.n.01
ğŸ“™,book,script.n.01
ğŸ“š,book,script.n.01
ğŸ““,notebook,notebook.n.02
ğŸ“’,notebook,notebook.n.02
ğŸ“ƒ,curl,lock.n.02
ğŸ“œ,paper,paper.n.05
ğŸ“„,document;page,document.n.02;page.n.06
ğŸ“°,news;paper,composition.n.08;news.n.04
ğŸ—,news;newspaper;paper;rolled,newspaper.n.01;news.n.04;wind.v.03
ğŸ“‘,bookmark;mark;marker;tabs,crisscross.n.01;marker.n.01;bookmark.n.01;tab.n.04
ğŸ”–,mark,target.n.01
ğŸ’°,bag;dollar;money;moneybag;grand;lend,thousand.n.01;moneybag.n.01;dollar.n.03;bag.n.01;money.n.03
ğŸ’´,bank;banknote;bill;currency;money;note;yen,bill.n.03;bank.n.06;yen.n.02;money.n.03;currency.n.01
ğŸ’µ,bank;banknote;bill;currency;dollar;money;note,money.n.03;bill.n.03;bank.n.06;dollar.n.02;currency.n.01
ğŸ’¶,bank;banknote;bill;currency;euro;money;note,euro.n.01;bill.n.03;bank.n.06;money.n.03;currency.n.01
ğŸ’·,bank;banknote;bill;currency;money;note;pound,pound.n.10;bill.n.03;money.n.03;currency.n.01;savings_bank.n.02
ğŸ’¸,bank;banknote;bill;dollar;fly;money;note;wings,bill.n.03;money.n.03;dollar.n.02;wing.n.02;savings_bank.n.02
ğŸ’³,bank;card;credit;money,poster.n.01;credit.n.02;bank.n.06;money.n.02
ğŸ’¹,bank;chart;currency;graph;growth;market;money;rise;trend;upward;yen,market.n.01;rise.v.11;graph.n.01;emergence.n.01;bank.n.07;graph.v.01;currency.n.01;hankering.n.01;drift.n.05;money.n.01
âœ‰,e-mail;email,electronic_mail.n.01
ğŸ“§,email;letter;mail,mail.n.02;letter.n.05;electronic_mail.n.01
ğŸ“¨,e-mail;email;envelope;incoming;letter;mail;receive,letter.n.01;envelope.n.01;mail.n.02;electronic_mail.n.01
ğŸ“©,arrow;down;e-mail;email;envelope;letter;mail;outgoing;sent,mail.n.02;electronic_mail.n.01;letter.n.01;sent.n.01;envelope.n.01;arrow.n.01;surpass.v.02
ğŸ“¤,box;letter;mail;outbox;sent;tray;out,letter.n.01;tray.n.01;mail.n.03;sent.n.01;box.n.01
ğŸ“¥,box;inbox;letter;mail;receive;tray;in,letter.n.01;tray.n.01;mail.n.03;box.n.01
ğŸ“¦,box;parcel,package.n.02;box.n.01
ğŸ“«,closed;mail;mailbox;postbox,conclude.v.04;mail.n.03;postbox.n.01
ğŸ“ª,closed;lowered;mail;mailbox;postbox,conclude.v.04;mail.n.03;postbox.n.01;lower.v.04
ğŸ“¬,mail;mailbox;postbox,mail.n.03;postbox.n.01
ğŸ“­,lowered;mail;mailbox;postbox,mail.n.03;postbox.n.01;lower.v.04
ğŸ“®,mail;mailbox,mail.n.03;mailbox.n.01
ğŸ—³,ballot;box,box.n.10;vote.n.01
âœ,pencil,pencil.n.04
âœ’,nib;pen,write.v.01;nib.n.01
ğŸ–‹,fountain;pen,fountain.n.01;write.v.01
ğŸ–Š,ballpoint,ballpoint.n.01
ğŸ–Œ,painting,paint.v.04
ğŸ–,crayon,crayon.n.01
ğŸ“,pencil,pencil.n.04
ğŸ’¼,briefcase,briefcase.n.01
ğŸ“,file;folder,file.n.04;folder.n.02
ğŸ“‚,file;folder,file.n.04;folder.n.02
ğŸ—‚,card;dividers;index,index.n.04;menu.n.01;divider.n.04
ğŸ“…,date,date.n.07
ğŸ“†,calendar,calendar.n.03
ğŸ—’,note;pad;spiral,slog.v.02;note.v.04
ğŸ—“,calendar;pad;spiral,calendar.n.01;slog.v.02
ğŸ“‡,card;index;rolodex,index.n.04;menu.n.01;rolodex.n.01
ğŸ“ˆ,chart;graph;growth;trend;upward,chart.n.01;drift.n.05;graph.n.01;growth.n.07
ğŸ“‰,chart;down;graph;trend,chart.n.01;drift.n.05;graph.n.01
ğŸ“Š,bar;chart;graph,measure.n.07;graph.n.01;chart.n.01
ğŸ“‹,clipboard,clipboard.n.01
ğŸ“Œ,thumbtack;tack,tack.v.01;thumbtack.n.01
ğŸ“,pin;pushpin,pin.n.09;thumbtack.n.01
ğŸ“,paperclip,paper_clip.n.01
ğŸ–‡,linked,yoke.v.02
ğŸ“,ruler;straightedge,straightedge.n.01;rule.n.12
ğŸ“,ruler;set;triangle,rule.n.12;sic.v.01
âœ‚,scissors,scissors.n.03
ğŸ—ƒ,box;card;file,circuit_board.n.01;file.n.03;box.n.08
ğŸ—„,cabinet;file,file.n.03;cabinet.n.01
ğŸ—‘,wastebasket,wastepaper_basket.n.01
ğŸ”’,closed,conclude.v.04
ğŸ”“,lock;open;unlock,open.v.03;lock.n.06
ğŸ”,ink;lock;nib;pen;privacy,lock.n.04;ink.n.02;playpen.n.01;nib.n.01;privacy.n.02
ğŸ”,closed;lock;secure,lock.n.06;close.v.15
ğŸ”‘,lock;password;key,lock.n.03
ğŸ—,clue;key;lock;old,old.a.02;lock.n.03;clue.n.02
ğŸ”¨,hammer,malleus.n.01
â›,mining;pick,pick.n.05;mine.v.01
âš’,hammer;pick;tool,tool.n.01;peck.v.01;hammer.n.02
ğŸ› ,hammer;tool;wrench,tool.n.01;hammer.n.02;wrench.n.03
ğŸ”§,wrench,wrench.n.03
ğŸ”©,bolt;nut,nut.v.01;bolt.n.03
âš™,gear,gearing.n.01
ğŸ—œ,tool;vice,instrument.n.02;vice.n.02
âš—,chemistry;tool,chemistry.n.02;creature.n.03
âš–,balance;justice;scales;tool;weight;balanced,tool.n.01;judge.n.01;poise.v.04;counterweight.n.01;scale.n.07;weight.n.04
ğŸ”—,link;linked,radio_link.n.01;yoke.v.02
â›“,chain,range.n.04
ğŸ’‰,doctor;medicine;needle;shot;sick;tool,tool.n.01;medicine.n.03;needle.n.03;doctor.n.04;sick.n.01;shot.n.16
ğŸ’Š,doctor;medicine;sick,sick.n.01;medicine.n.03;doctor.n.03
ğŸ—¡,sword;dagger,sword.n.01;dagger.n.01
ğŸ”ª,hocho;knife;tool;weapon,tool.n.01;weapon.n.01;knife.n.02
âš”,crossed;swords,sword.n.01;thwart.v.01
ğŸ”«,gun;handgun;revolver;weapon,gun.n.01;weapon.n.01;revolver.n.01
ğŸ›¡,shield,shield.n.02
ğŸ¹,archer;arrow;bow;sagittarius;tool;weapon;zodiac,tool.n.01;bow.n.04;weapon.n.01;arrow.n.02;zodiac.n.01;sagittarius.n.03
ğŸ,checkered;chequered;racing,rush.v.01;checker.v.02
ğŸ³,surrender,surrender.n.03
ğŸ´,waving,wave.v.05
ğŸš©,post,post.n.11
ğŸš¬,smoking,smoke.n.07
âš°,death;coffin,death.n.02;coffin.n.01
âš±,death;funeral;urn,death.n.01;urn.n.01
ğŸ—¿,face;moyai;statue,statue.n.01;face.n.04
ğŸ›¢,drum;oil,oil.n.02;drum.n.04
ğŸ”®,crystal;fairytale;fantasy;fortune;tool,fairytale.n.01;tool.n.01;crystal.n.06;luck.n.03;fantasy.n.02
ğŸ§,atm;automated;bank;teller,automatize.v.02;teller.n.03;savings_bank.n.02;cash_machine.n.01
ğŸš®,litter;litterbox,litter.n.03
ğŸš°,drink;potable;water,drinkable.a.01;beverage.n.01;water.n.06
â™¿,access,entree.n.02
ğŸš¹,lavatory;man;restroom;wc,toilet.n.01;public_toilet.n.01;man.n.10
ğŸšº,lavatory;restroom;wc;woman,toilet.n.01;charwoman.n.01;public_toilet.n.01
ğŸš»,lavatory;wc,washbasin.n.01
ğŸš¼,baby;changing,baby.n.07;transfer.v.06
ğŸš¾,closet;lavatory;restroom;water;wc,toilet.n.01;water_closet.n.01;water_system.n.02;public_toilet.n.01
ğŸ›‚,control;passport,recommendation.n.03;control.n.01
ğŸ›ƒ,customs,customs.n.01
ğŸ›„,baggage;claim,claim.v.05;baggage.n.02
ğŸ›…,baggage;locker;luggage,footlocker.n.01;baggage.n.01
âš ,warning,warn.v.04
ğŸš¸,child;crossing;pedestrian;traffic,traffic.n.01;thwart.v.01;child.n.01
â›”,entry;forbidden;no;not;prohibited;traffic,entrance.n.03;forbid.v.01
ğŸš«,entry;forbidden;no;not,entrance.n.03;prevent.v.01
ğŸš³,bicycle;bike;forbidden;no;not;prohibited;vehicle,forbid.v.01;bicycle.n.01;bicycle.v.01;vehicle.n.01
ğŸš­,forbidden;no;not;prohibited;smoking,forbid.v.01;smoke.n.07
ğŸš¯,forbidden;litter;no;not;prohibited,forbid.v.01;bedding_material.n.01
ğŸš±,drink;forbidden;no;not;potable;prohibited;water,forbid.v.01;drinkable.a.01;beverage.n.01;prevent.v.01;water.n.06
ğŸš·,forbidden;no;not;pedestrian;prohibited,forbid.v.01
â˜¢,radioactive;nuke,atomic_warhead.n.01;radioactive.a.01
â˜£,biohazard;bio;hazard,hazard.n.01;biohazard.n.01
â¬†,arrow;cardinal;direction;north,north.n.06;direction.n.02;cardinal.a.02;arrow.n.02
â†—,arrow;direction;intercardinal;northeast,northeast.n.03;direction.n.02;arrow.n.01
â¡,arrow;cardinal;direction;east,direction.n.02;cardinal.a.02;east.n.04;arrow.n.02
â†˜,arrow;direction;intercardinal;southeast,direction.n.02;arrow.n.01;southeast.n.03
â¬‡,arrow;cardinal;direction;down;south,south.n.05;direction.n.02;cardinal.a.02;arrow.n.02
â†™,arrow;direction;intercardinal;southwest,direction.n.02;arrow.n.01;southwest.n.03
â¬…,arrow;cardinal;direction;west,west.n.04;direction.n.02;cardinal.a.02;arrow.n.02
â†–,arrow;direction;intercardinal;northwest,northwest.n.02;direction.n.02;arrow.n.01
â†•,arrow,arrow.n.02
â†”,arrow,arrow.n.02
â†©,arrow,arrow.n.02
â†ª,arrow,arrow.n.02
â¤´,arrow,arrow.n.02
â¤µ,arrow;down,arrow.n.02
ğŸ”ƒ,arrow;clockwise;reload,arrow.n.02
ğŸ”„,anticlockwise;arrow;counterclockwise;withershins,arrow.n.02
ğŸ”™,arrow;back,back.r.06;arrow.n.02
ğŸ”š,arrow;end,end.n.13;arrow.n.02
ğŸ”›,arrow;mark;on,arrow.n.01;mark.n.10
ğŸ”œ,arrow;soon,soon.r.01;arrow.n.02
ğŸ”,arrow;top;up,top.v.06;arrow.n.02
ğŸ›,religion;worship,religion.n.01;worship.n.01
âš›,atheist;atom,atheist.n.01;atom.n.01
ğŸ•‰,hindu;religion,religion.n.02;hindu.n.02
âœ¡,david;jew;jewish;star,ace.n.03;jewish.a.01
â˜¸,buddhist;dharma;religion,dharma.n.01;buddhist.n.01;religion.n.01
â˜¯,religion;tao;taoist;yang;yin,yin.n.01;religion.n.01;yang.n.01;taoist.n.01
âœ,christian;cross;jesus,hybrid.n.03;christian.a.02;jesus.n.01
â˜¦,christian;cross,hybrid.n.03;christian.a.02
â˜ª,islam;muslim,muslim.n.01;islam.n.01
â˜®,peace;hippie,peace.n.01;hippie.n.01
ğŸ•,candelabrum;candlestick;religion,religion.n.02;candelabrum.n.01
ğŸ”¯,fortune;star,star.n.05;fortune.n.04
â™»,recycle,
ğŸ“›,badge;name,badge.n.02;name.v.03
âšœ,fleur-de-lis,iris.n.01
ğŸ”°,beginner;chevron;green;japanese;leaf;tool;yellow,green.a.03;novice.n.02;yellow.n.01;creature.n.03;leaf.n.01;japanese.n.01
ğŸ”±,anchor;emblem;ship;tool;trident,ship.n.01;tool.n.01;trident.n.01;anchor.n.01;emblem.n.01
â­•,circle,traffic_circle.n.01
âœ…,yes;yeah;yep,yes.n.01
â˜‘,ballot;,vote.n.01
âœ”,check,hindrance.n.01
âœ–,cancel;multiplication;multiply,multiplication.n.03;natural.n.02;multiply.r.01
âŒ,cancel;mark;multiplication;multiply;x,multiplication.n.03;natural.n.02;multiply.r.01;mark.n.10;x.n.02
â,mark;square,crisscross.n.01;square.v.05
â•,math;plus;and,mathematics.n.01
â–,math;minus,subtraction.n.01;mathematics.n.01
â—,division;math,part.n.09;mathematics.n.01
â°,curl;loop,coil.n.02;loop.n.02
â¿,curl;double;loop,double.a.04;curl.n.02;loop.n.08
ã€½,mark;part,part.n.11;mark.n.12
âœ³,asterisk,asterisk.n.01
âœ´,star,star_topology.n.01
â‡,sparkle,glitter.n.02
ğŸ’±,bank;currency;exchange;money,currency.n.01;bank.n.06;money.n.03;rally.n.05
ğŸ’²,currency;dollar;money,currency.n.01;dollar.n.03;money.n.03
â€¼,bangbang;exclamation;mark;punctuation,punctuation.n.02;mark.n.10;exclamation.n.01
â‰,exclamation;interrobang;mark;punctuation;question,punctuation.n.02;question.n.02;mark.n.10;exclamation.n.01
â“,mark;punctuation;question,punctuation.n.02;question.n.01;mark.n.10
â”,mark;outlined;punctuation;question,punctuation.n.02;question.n.02;mark.n.10;sketch.v.02
â•,exclamation;mark;outlined;punctuation,punctuation.n.02;mark.n.10;exclamation.n.01;sketch.v.02
â—,exclamation;mark;punctuation,punctuation.n.02;mark.n.10;exclamation.n.01
ã€°,dash;punctuation;wavy,punctuation.n.02;hyphen.n.01
Â©,copyright;c,c.n.10;copyright.n.01
Â®,registered;are;r,read.v.08
â„¢,tm;trademark,brand.v.03;thulium.n.01
â™ˆ,aries,aries.n.03
â™‰,taurus,taurus.n.04
â™Š,gemini,gemini.n.03
â™‹,cancer,cancer.n.05
â™Œ,leo,leo.n.03
â™,virgo,virgo.n.03
â™,balance;libra,libra.n.03
â™,scorpio;scorpius,scorpius.n.01
â™,sagittarius,sagittarius.n.04
â™‘,capricorn,capricornus.n.01
â™’,water;aquarius,water_system.n.02
â™“,pisces,pisces.n.04
â›,bearer;serpent;snake;zodiac,snake.n.01;holder.n.03;zodiac.n.01
ğŸ”€,arrow;crossed,thwart.v.01;arrow.n.02
ğŸ”,arrow;clockwise;repeat,repeat.n.01;arrow.n.01
ğŸ”‚,arrow;clockwise;once,arrow.n.02
â–¶,arrow;play;right;triangle,right.r.07;looseness.n.05;arrow.n.02
â©,arrow;double;fast;forward,double.a.04;fast.n.01;forward.n.02;arrow.n.02
â­,arrow;nextscene;nexttrack;triangle,triangle.n.04;arrow.n.02
â¯,arrow;pause;play;right;triangle,pause.n.02;right.r.07;play.n.17;arrow.n.02
â—€,arrow;left;reverse;triangle,reverse.n.02;triangle.n.04;leave.v.11;arrow.n.02
âª,arrow;double;rewind,double.a.04;arrow.n.02
â®,arrow;previousscene;previoustrack;triangle,triangle.n.04;arrow.n.02
ğŸ”¼,arrow;button;,button.v.02;arrow.n.02
â«,arrow;double,double.a.04;arrow.n.02
ğŸ”½,arrow;button;down;red,button.v.02;arrow.n.02
â¬,arrow;double;down,double.a.04;arrow.n.02
â¸,bar;double;pause;vertical,prevention.n.01;double.a.04;pause.n.02;vertical.a.02
â¹,square;stop,stop.v.03;square.n.07
âº,circle;record,commemorate.v.03;lap.n.05
â,eject,
ğŸ¦,camera;film;movie,camera.n.01;movie.n.01
ğŸ”…,brightness;dim;low,luminosity.n.01;low.a.05
ğŸ”†,bright;brightness,undimmed.a.01;luminosity.n.01
ğŸ“¶,antenna;bar;cell;mobile;phone;signal;telephone,mobile.n.03;bar.n.13;signal.n.01;telephone.n.01;antenna.n.01;cell.n.03
ğŸ“µ,off,
ğŸ“³,cell;mobile;mode;phone;telephone;vibration,mobile.n.03;telephone.n.01;cellular_telephone.n.01;mode.n.02;shaking.n.02
ğŸ“´,cell;mobile;off;phone;telephone,mobile.n.03;telephone.n.01;cellular_telephone.n.01
#âƒ£,hash;keycap;pound,pound.n.11;hashish.n.01
*âƒ£,asterisk;keycap;star,asterisk.n.01
0âƒ£,0;zero,zero.s.01;zero.v.02
1âƒ£,1;one,one.s.01
2âƒ£,2;two;to,two.s.01
3âƒ£,3;three,three.s.01
4âƒ£,4;four;for,four.s.01
5âƒ£,5;five,five.s.01
6âƒ£,6;six,six.s.01
7âƒ£,7;seven,seven.s.01
8âƒ£,8;keycap,eight.s.01
9âƒ£,9;nine,nine.s.01
ğŸ”Ÿ,10;ten,ten.s.01
ğŸ’¯,100;full;hundred;score;amazing;great;success,score.n.03;full.a.05;hundred.n.01;success.n.02;perplex.v.01
ğŸ”,18;prohibited;underage,eighteen.s.01;forbid.v.01
ğŸ” ,input;latin;letters;uppercase,latin.n.01;input_signal.n.01;letter.n.02
ğŸ”¤,abc;alphabet,rudiment.n.01
ğŸ…°,a,
ğŸ†,ab,bachelor_of_arts.n.01
ğŸ†‘,cl,centiliter.n.01
ğŸ†’,cool,cool.n.01
ğŸ†“,free,free.a.06
â„¹,information,information.n.05
ğŸ†”,id;identity,identity.n.02
ğŸ†•,new,new.a.06
ğŸ†–,ng,nanogram.n.01
ğŸ…¾,blood,rake.n.01
ğŸ†—,ok,oklahoma.n.01
ğŸ…¿,parking,park.v.02
ğŸ†˜,help;sos,avail.n.01
ğŸ†™,mark;up,target.n.01
ğŸ†š,versus;vs,volt.n.01
ğŸˆ¶,japanese,japanese.a.01
ğŸˆ²,japanese,japanese.a.01
ğŸˆµ,chinese,chinese.n.02
â¬œ,geometric;square,square.n.08;geometric.a.02
âšª,white,whiten.v.01
âš«,black,total_darkness.n.01
ğŸ”´,red,
ğŸ”µ,blue;circle,set.n.05
&,and;ampersand,
@,at;about,
ğŸ‡¦ğŸ‡©,andorra,andorra.n.01
ğŸ‡¦ğŸ‡ª,united arab emirates;uae,united_arab_emirates.n.01
ğŸ‡¦ğŸ‡«,afghanistan,afghanistan.n.01
ğŸ‡¦ğŸ‡¬,antigua;barbuda,antigua.n.01;barbuda.n.01
ğŸ‡¦ğŸ‡®,anguilla,anguilla.n.02
ğŸ‡¦ğŸ‡±,albania,albania.n.01
ğŸ‡¦ğŸ‡²,armenia,armenia.n.01
ğŸ‡¦ğŸ‡´,angola,angola.n.01
ğŸ‡¦ğŸ‡¶,antarctica,antarctica.n.01
ğŸ‡¦ğŸ‡·,argentina,argentina.n.02
ğŸ‡¦ğŸ‡¸,american samoa,american_samoa.n.01
ğŸ‡¦ğŸ‡¹,austria,austria.n.01
ğŸ‡¦ğŸ‡º,australia,australia.n.02
ğŸ‡¦ğŸ‡¼,aruba,aruba.n.01
ğŸ‡¦ğŸ‡½,aland islands,aland_islands.n.01
ğŸ‡¦ğŸ‡¿,azerbaijan,azerbaijan.n.01
ğŸ‡§ğŸ‡¦,bosnia and herzegovina,bosnia_and_herzegovina.n.01
ğŸ‡§ğŸ‡§,barbados,barbados.n.02
ğŸ‡§ğŸ‡©,bangladesh,bangladesh.n.01
ğŸ‡§ğŸ‡ª,belgium,belgium.n.01
ğŸ‡§ğŸ‡«,burkina faso,burkina_faso.n.01
ğŸ‡§ğŸ‡¬,bulgaria,bulgaria.n.01
ğŸ‡§ğŸ‡­,bahrain,bahrain.n.02
ğŸ‡§ğŸ‡®,burundi,burundi.n.01
ğŸ‡§ğŸ‡¯,benin,benin.n.01
ğŸ‡§ğŸ‡±,saint barthÃ©lemy,
ğŸ‡§ğŸ‡²,bermuda,bermuda.n.01
ğŸ‡§ğŸ‡³,brunei darussalam,
ğŸ‡§ğŸ‡´,bolivia,bolivia.n.02
ğŸ‡§ğŸ‡¶,bonaire,bonaire.n.01
ğŸ‡§ğŸ‡·,brazil,brazil_nut.n.02
ğŸ‡§ğŸ‡¸,bahamas,bahamas.n.01
ğŸ‡§ğŸ‡¹,bhutan,bhutan.n.01
ğŸ‡§ğŸ‡»,bouvet island,bouvet_island.n.01
ğŸ‡§ğŸ‡¼,botswana,botswana.n.01
ğŸ‡§ğŸ‡¾,belarus,belarus.n.01
ğŸ‡§ğŸ‡¿,belize,belize.n.01
ğŸ‡¨ğŸ‡¦,canada,canada.n.01
ğŸ‡¨ğŸ‡¨,cocos (keeling) islands,stagger.v.01
ğŸ‡¨ğŸ‡©,congo,congou.n.01
ğŸ‡¨ğŸ‡«,central african republic,central_african_republic.n.01
ğŸ‡¨ğŸ‡¬,congo,congou.n.01
ğŸ‡¨ğŸ‡­,switzerland,switzerland.n.01
ğŸ‡¨ğŸ‡®,cote d'ivoire,
ğŸ‡¨ğŸ‡°,cook islands,
ğŸ‡¨ğŸ‡±,chile,chili.n.02
ğŸ‡¨ğŸ‡²,cameroon,cameroon.n.02
ğŸ‡¨ğŸ‡³,china,taiwan.n.01
ğŸ‡¨ğŸ‡´,colombia,colombia.n.01
ğŸ‡¨ğŸ‡·,costa rica,costa_rica.n.01
ğŸ‡¨ğŸ‡º,cuba,cuba.n.02
ğŸ‡¨ğŸ‡»,cape verde,cape_verde.n.01
ğŸ‡¨ğŸ‡¼,curacao,curacao.n.02
ğŸ‡¨ğŸ‡½,christmas island,
ğŸ‡¨ğŸ‡¾,cyprus,cyprus.n.02
ğŸ‡¨ğŸ‡¿,czech republic,czech_republic.n.01
ğŸ‡©ğŸ‡ª,germany,germany.n.01
ğŸ‡©ğŸ‡¯,djibouti,djibouti.n.02
ğŸ‡©ğŸ‡°,denmark,denmark.n.01
ğŸ‡©ğŸ‡²,dominica,dominica.n.02
ğŸ‡©ğŸ‡´,dominican republic,dominican_republic.n.01
ğŸ‡©ğŸ‡¿,algeria,algeria.n.01
ğŸ‡ªğŸ‡¨,ecuador,ecuador.n.01
ğŸ‡ªğŸ‡ª,estonia,estonia.n.01
ğŸ‡ªğŸ‡¬,egypt,egyptian_empire.n.01
ğŸ‡ªğŸ‡­,western sahara,western_sahara.n.01
ğŸ‡ªğŸ‡·,eritrea,eritrea.n.01
ğŸ‡ªğŸ‡¸,spain,spain.n.01
ğŸ‡ªğŸ‡¹,ethiopia,ethiopia.n.01
ğŸ‡«ğŸ‡®,finland,finland.n.01
ğŸ‡«ğŸ‡¯,fiji,fiji.n.01
ğŸ‡«ğŸ‡°,falkland islands;malvinas,falkland_islands.n.01
ğŸ‡«ğŸ‡²,micronesia,micronesia.n.02
ğŸ‡«ğŸ‡´,faroe islands,faroe_islands.n.02
ğŸ‡«ğŸ‡·,france,france.n.02
ğŸ‡¬ğŸ‡¦,gabon,gabon.n.01
ğŸ‡¬ğŸ‡§,united kingdom,united_kingdom.n.01
ğŸ‡¬ğŸ‡©,grenada,grenada.n.01
ğŸ‡¬ğŸ‡ª,georgia,georgia.n.03
ğŸ‡¬ğŸ‡«,french guiana,
ğŸ‡¬ğŸ‡¬,guernsey,guernsey.n.02
ğŸ‡¬ğŸ‡­,ghana,ghana.n.01
ğŸ‡¬ğŸ‡®,gibraltar,gibraltar.n.01
ğŸ‡¬ğŸ‡±,greenland,greenland.n.01
ğŸ‡¬ğŸ‡²,gambia,gambia.n.01
ğŸ‡¬ğŸ‡³,guinea,wop.n.01
ğŸ‡¬ğŸ‡µ,guadeloupe,guadeloupe.n.01
ğŸ‡¬ğŸ‡¶,equatorial guinea,equatorial_guinea.n.01
ğŸ‡¬ğŸ‡·,greece,greece.n.02
ğŸ‡¬ğŸ‡¸,south georgia,
ğŸ‡¬ğŸ‡¹,guatemala,guatemala.n.01
ğŸ‡¬ğŸ‡º,guam,guam.n.01
ğŸ‡¬ğŸ‡¼,guinea-bissau,guinea-bissau.n.01
ğŸ‡¬ğŸ‡¾,guyana,guyana.n.01
ğŸ‡­ğŸ‡°,hong kong,hong_kong.n.01
ğŸ‡­ğŸ‡²,heard island and mcdonald islands,
ğŸ‡­ğŸ‡³,honduras,honduras.n.01
ğŸ‡­ğŸ‡·,croatia,croatia.n.01
ğŸ‡­ğŸ‡¹,haiti,hispaniola.n.01
ğŸ‡­ğŸ‡º,hungary,
ğŸ‡®ğŸ‡©,indonesia,indonesia.n.01
ğŸ‡®ğŸ‡ª,ireland,ireland.n.02
ğŸ‡®ğŸ‡±,israel,israel.n.02
ğŸ‡®ğŸ‡²,isle of man,man.n.09
ğŸ‡®ğŸ‡³,india,india.n.01
ğŸ‡®ğŸ‡´,british indian ocean territory,
ğŸ‡®ğŸ‡¶,iraq,iraq.n.01
ğŸ‡®ğŸ‡·,iran,iran.n.01
ğŸ‡®ğŸ‡¸,iceland,iceland.n.02
ğŸ‡®ğŸ‡¹,italy,
ğŸ‡¯ğŸ‡ª,jersey,new_jersey.n.01
ğŸ‡¯ğŸ‡²,jamaica,jamaica.n.02
ğŸ‡¯ğŸ‡´,jordan,jordan.n.02
ğŸ‡¯ğŸ‡µ,japan,japan.n.04
ğŸ‡°ğŸ‡ª,kenya,kenya.n.01
ğŸ‡°ğŸ‡¬,kyrgyzstan,kyrgyzstan.n.01
ğŸ‡°ğŸ‡­,cambodia,cambodia.n.01
ğŸ‡°ğŸ‡®,kiribati,kiribati.n.01
ğŸ‡°ğŸ‡²,comoros,comoros.n.01
ğŸ‡°ğŸ‡³,saint kitts and nevis,saint_kitts_and_nevis.n.01
ğŸ‡°ğŸ‡µ,north korea,north_korea.n.01
ğŸ‡°ğŸ‡·,south korea,south_korea.n.01
ğŸ‡°ğŸ‡¼,kuwait,kuwait.n.02
ğŸ‡°ğŸ‡¾,cayman islands,cayman_islands.n.01
ğŸ‡°ğŸ‡¿,kazakhstan,kazakhstan.n.01
ğŸ‡±ğŸ‡¦,lao people's democratic republic,
ğŸ‡±ğŸ‡§,lebanon,lebanon.n.01
ğŸ‡±ğŸ‡¨,saint lucia,saint_lucia.n.02
ğŸ‡±ğŸ‡®,liechtenstein,liechtenstein.n.01
ğŸ‡±ğŸ‡°,sri lanka,sri_lanka.n.01
ğŸ‡±ğŸ‡·,liberia,liberia.n.01
ğŸ‡±ğŸ‡¸,lesotho,lesotho.n.01
ğŸ‡±ğŸ‡¹,lithuania,lithuania.n.01
ğŸ‡±ğŸ‡º,luxembourg,luxembourg.n.02
ğŸ‡±ğŸ‡»,latvia,latvia.n.01
ğŸ‡±ğŸ‡¾,libya,libya.n.01
ğŸ‡²ğŸ‡¦,morocco,morocco.n.02
ğŸ‡²ğŸ‡¨,monaco,monaco.n.01
ğŸ‡²ğŸ‡©,moldova,moldova.n.01
ğŸ‡²ğŸ‡ª,montenegro,montenegro.n.01
ğŸ‡²ğŸ‡«,saint martin (french part),
ğŸ‡²ğŸ‡¬,madagascar,madagascar.n.02
ğŸ‡²ğŸ‡­,marshall islands,marshall_islands.n.02
ğŸ‡²ğŸ‡°,macedonia,macedonia.n.01
ğŸ‡²ğŸ‡±,mali,mali.n.01
ğŸ‡²ğŸ‡²,myanmar,myanmar.n.01
ğŸ‡²ğŸ‡³,mongolia,mongolia.n.02
ğŸ‡²ğŸ‡´,macao,macao.n.01
ğŸ‡²ğŸ‡µ,northern mariana islands,northern_marianas.n.01
ğŸ‡²ğŸ‡¶,martinique,martinique.n.01
ğŸ‡²ğŸ‡·,mauritania,mauritania.n.01
ğŸ‡²ğŸ‡¸,montserrat,montserrat.n.01
ğŸ‡²ğŸ‡¹,malta,malta.n.02
ğŸ‡²ğŸ‡º,mauritius,mauritius.n.02
ğŸ‡²ğŸ‡»,maldives,maldives.n.02
ğŸ‡²ğŸ‡¼,malawi,malawi.n.01
ğŸ‡²ğŸ‡½,mexico,mexico.n.01
ğŸ‡²ğŸ‡¾,malaysia,malaysia.n.01
ğŸ‡²ğŸ‡¿,mozambique,mozambique.n.01
ğŸ‡³ğŸ‡¦,namibia,namibia.n.01
ğŸ‡³ğŸ‡¨,new caledonia,new_caledonia.n.01
ğŸ‡³ğŸ‡ª,niger,niger.n.02
ğŸ‡³ğŸ‡«,norfolk island,norfolk_island.n.01
ğŸ‡³ğŸ‡¬,nigeria,nigeria.n.01
ğŸ‡³ğŸ‡®,nicaragua,nicaragua.n.01
ğŸ‡³ğŸ‡±,netherlands,netherlands.n.01
ğŸ‡³ğŸ‡´,norway,norway.n.01
ğŸ‡³ğŸ‡µ,nepal,
ğŸ‡³ğŸ‡·,nauru,nauru.n.02
ğŸ‡³ğŸ‡º,niue,
ğŸ‡³ğŸ‡¿,new zealand,new_zealand.n.02
ğŸ‡´ğŸ‡²,oman,oman.n.01
ğŸ‡µğŸ‡¦,panama,panama.n.01
ğŸ‡µğŸ‡ª,peru,peru.n.01
ğŸ‡µğŸ‡«,french polynesia,french_polynesia.n.01
ğŸ‡µğŸ‡¬,papua new guinea,papua_new_guinea.n.01
ğŸ‡µğŸ‡­,philippines,philippine.n.01
ğŸ‡µğŸ‡°,pakistan,pakistan.n.01
ğŸ‡µğŸ‡±,poland,poland.n.01
ğŸ‡µğŸ‡²,saint pierre and miquelon,
ğŸ‡µğŸ‡³,pitcairn,
ğŸ‡µğŸ‡·,puerto rico,puerto_rico.n.02
ğŸ‡µğŸ‡¸,palestinian territory,
ğŸ‡µğŸ‡¹,portugal,
ğŸ‡µğŸ‡¼,palau,palau.n.02
ğŸ‡µğŸ‡¾,paraguay,paraguay.n.01
ğŸ‡¶ğŸ‡¦,qatar,qatar.n.02
ğŸ‡·ğŸ‡ª,reunion,reunion.n.02
ğŸ‡·ğŸ‡´,romania,romania.n.01
ğŸ‡·ğŸ‡¸,serbia,serbia.n.01
ğŸ‡·ğŸ‡º,russia,soviet_union.n.01
ğŸ‡·ğŸ‡¼,rwanda,rwanda.n.01
ğŸ‡¸ğŸ‡¦,saudi arabia,saudi_arabia.n.01
ğŸ‡¸ğŸ‡§,solomon islands,solomons.n.01
ğŸ‡¸ğŸ‡¨,seychelles,seychelles.n.02
ğŸ‡¸ğŸ‡©,sudan,sudan.n.02
ğŸ‡¸ğŸ‡ª,sweden,sweden.n.01
ğŸ‡¸ğŸ‡¬,singapore,singapore.n.03
ğŸ‡¸ğŸ‡­,saint helena,
ğŸ‡¸ğŸ‡®,slovenia,slovenia.n.01
ğŸ‡¸ğŸ‡¯,svalbard and jan mayen,
ğŸ‡¸ğŸ‡°,slovakia,slovakia.n.01
ğŸ‡¸ğŸ‡±,sierra leone,sierra_leone.n.01
ğŸ‡¸ğŸ‡²,san marino,san_marino.n.02
ğŸ‡¸ğŸ‡³,senegal,
ğŸ‡¸ğŸ‡´,somalia,somalia.n.01
ğŸ‡¸ğŸ‡·,suriname,suriname.n.01
ğŸ‡¸ğŸ‡¸,south sudan,
ğŸ‡¸ğŸ‡¹,sao tome and principe,sao_tome_and_principe.n.01
ğŸ‡¸ğŸ‡»,el salvador,el_salvador.n.01
ğŸ‡¸ğŸ‡½,sint maarten (dutch part),
ğŸ‡¸ğŸ‡¾,syrian arab republic,syria.n.01
ğŸ‡¸ğŸ‡¿,swaziland,swaziland.n.01
ğŸ‡¹ğŸ‡¨,turks and caicos islands,
ğŸ‡¹ğŸ‡©,chad,
ğŸ‡¹ğŸ‡«,french southern territories,
ğŸ‡¹ğŸ‡¬,togo,togo.n.01
ğŸ‡¹ğŸ‡­,thailand,thailand.n.01
ğŸ‡¹ğŸ‡¯,tajikistan,tajikistan.n.01
ğŸ‡¹ğŸ‡°,tokelau,
ğŸ‡¹ğŸ‡±,timor-leste,
ğŸ‡¹ğŸ‡²,turkmenistan,turkmenistan.n.01
ğŸ‡¹ğŸ‡³,tunisia,tunisia.n.01
ğŸ‡¹ğŸ‡´,tonga,tonga.n.02
ğŸ‡¹ğŸ‡·,turkey,turkey.n.05
ğŸ‡¹ğŸ‡¹,trinidad and tobago,trinidad_and_tobago.n.01
ğŸ‡¹ğŸ‡»,tuvalu,tuvalu.n.02
ğŸ‡¹ğŸ‡¼,taiwan,taiwan.n.02
ğŸ‡¹ğŸ‡¿,tanzania,tanzania.n.01
ğŸ‡ºğŸ‡¦,ukraine,ukraine.n.01
ğŸ‡ºğŸ‡¬,uganda,uganda.n.01
ğŸ‡ºğŸ‡²,united states minor outlying islands,
ğŸ‡ºğŸ‡¸,united states;usa,united_states.n.01
ğŸ‡ºğŸ‡¾,uruguay,uruguay.n.01
ğŸ‡ºğŸ‡¿,uzbekistan,uzbekistan.n.01
ğŸ‡»ğŸ‡¦,vatican city,vatican_city.n.01
ğŸ‡»ğŸ‡¨,saint vincent and the grenadines,saint_vincent_and_the_grenadines.n.01
ğŸ‡»ğŸ‡ª,venezuela,venezuela.n.01
ğŸ‡»ğŸ‡¬,british virgin islands,british_virgin_islands.n.01
ğŸ‡»ğŸ‡®,US virgin islands,
ğŸ‡»ğŸ‡³,vietnam,vietnam_war.n.01
ğŸ‡»ğŸ‡º,vanuatu,vanuatu.n.01
ğŸ‡¼ğŸ‡«,wallis and futuna,
ğŸ‡¼ğŸ‡¸,samoa,samoa.n.02
ğŸ‡¾ğŸ‡ª,yemen,yemen.n.01
ğŸ‡¾ğŸ‡¹,mayotte,
ğŸ‡¿ğŸ‡¦,south africa,south_africa.n.01
ğŸ‡¿ğŸ‡²,zambia,zambia.n.01
ğŸ‡¿ğŸ‡¼,zimbabwe,zimbabwe.n.01
